R2,MAE,RMSE,ExplainedVariance
0.8985645236715389,788.5241853919221,1232.9565979734693,0.898713169440804
